name,middle_name,last_name,email,phone
Retha,,Coulton,rcoulton0@drupal.org,795-173-5566
Candace,Deighan,Olner,colner1@dot.gov,364-784-0394
Gretchen,Lethby,Grabbam,ggrabbam2@tiny.cc,954-891-3855
Jerry,Collocott,McGarrell,jmcgarrell3@discuz.net,297-236-2866
Lainey,Colliar,Vasovic,lvasovic4@technorati.com,413-367-8930
Ulrica,Rusbridge,Buttrick,ubuttrick5@slate.com,490-981-9634
Jorey,,Leeves,jleeves6@hp.com,194-744-3539
Nita,MacGown,Papachristophorou,npapachristophorou7@zdnet.com,616-228-2792
Marilyn,,Stangroom,mstangroom8@google.fr,411-251-1448
Symon,Darton,Senecaut,ssenecaut9@weather.com,194-708-4183
Alexandros,,Wadmore,awadmorea@china.com.cn,352-991-8790
Nealy,,Simonett,nsimonettb@slideshare.net,171-377-2369
Lory,Robinet,Dugald,ldugaldc@livejournal.com,457-323-0604
Edgardo,Kensitt,Sacchetti,esacchettid@amazonaws.com,961-262-3941
Raddie,Stanfield,Hennemann,rhennemanne@elpais.com,367-827-8126
Jefferey,,Sphinxe,jsphinxef@geocities.com,144-377-7837
Janel,,Ganford,jganfordg@addthis.com,703-116-2340
Humfrid,,Merner,hmernerh@topsy.com,460-306-1419
Clio,,Maciaszek,cmaciaszeki@dmoz.org,913-624-0604
Nolly,,Twyning,ntwyningj@fastcompany.com,140-703-3239
Leelah,Mcsarry,Elen,lelenk@unblog.fr,665-856-0273
Fannie,Tedman,Stroulger,fstroulgerl@oakley.com,329-540-0312
Baudoin,Mohammed,Bramble,bbramblem@prlog.org,316-432-3311
Wesley,,Yashnov,wyashnovn@intel.com,411-332-9845
Deeann,,Gerrett,dgerretto@digg.com,898-595-0335
Milo,Flobert,Gustus,mgustusp@virginia.edu,532-585-9582
Ilka,Colbertson,Orleton,iorletonq@mozilla.com,418-608-7039
Dorolisa,,Heber,dheberr@51.la,530-423-9228
Brnaba,,Drable,bdrables@theatlantic.com,315-548-0014
Rosy,Duffer,Bjerkan,rbjerkant@economist.com,323-971-2779
Giles,,Kipping,gkippingu@symantec.com,144-576-6227
Aila,Madgin,Kibby,akibbyv@netlog.com,406-920-7060
Livy,Pickavant,Cossans,lcossansw@msu.edu,253-403-0125
Aline,Mathys,Warde,awardex@reuters.com,427-867-9236
Colan,Tedorenko,Archbutt,carchbutty@creativecommons.org,614-781-2653
Virginia,,Dundridge,vdundridgez@reverbnation.com,274-673-9355
Robb,,Obin,robin10@jalbum.net,824-132-2631
Violetta,Pendall,Yaxley,vyaxley11@nbcnews.com,385-532-9473
Mauricio,,Vermer,mvermer12@psu.edu,700-590-0719
Eleanore,Gittus,Epperson,eepperson13@so-net.ne.jp,730-636-0490
Austen,Gosse,Calladine,acalladine14@goo.ne.jp,764-652-7292
Mathew,Sailor,Kliment,mkliment15@over-blog.com,259-646-6934
Kerri,,Elnaugh,kelnaugh16@cnbc.com,322-422-1529
Marena,Morfield,Skeffington,mskeffington17@cbsnews.com,488-647-0119
Corenda,,Anthonsen,canthonsen18@house.gov,901-375-2135
Anneliese,Dotson,Gutsell,agutsell19@mtv.com,106-955-2409
Goober,,Ody,gody1a@paypal.com,593-331-5496
Ezechiel,,Jeffs,ejeffs1b@macromedia.com,124-276-0316
Bo,,Hawse,bhawse1c@constantcontact.com,932-290-0291
Stevena,Tomkinson,Geratt,sgeratt1d@usda.gov,339-789-6714
Rodge,,Stokey,rstokey1e@stumbleupon.com,872-546-8097
Nana,Lomasny,Maevela,nmaevela1f@smugmug.com,210-389-9485
Mikkel,,Orteaux,morteaux1g@usgs.gov,257-253-7129
Leonhard,,O' Culligan,loculligan1h@npr.org,952-736-3123
Ed,,Cottrill,ecottrill1i@gizmodo.com,597-589-1465
Erastus,Gammage,MacAvddy,emacavddy1j@wisc.edu,773-467-7678
Cammy,,Peakman,cpeakman1k@shop-pro.jp,326-361-6797
Mabelle,,Dubique,mdubique1l@psu.edu,821-500-0831
Pet,Really,Byas,pbyas1m@macromedia.com,933-755-6197
Shaina,,Crump,scrump1n@facebook.com,289-389-2151
Farrand,,Rubinowitch,frubinowitch1o@ucla.edu,265-232-5391
Chlo,,Bartley,cbartley1p@ihg.com,307-484-7313
Cristionna,,Hadfield,chadfield1q@xrea.com,948-937-9342
Patricio,Dei,Melmeth,pmelmeth1r@businessinsider.com,155-560-2245
Nanon,Cawse,St. Queintain,nstqueintain1s@bloglovin.com,282-527-5325
Lavinia,,Monketon,lmonketon1t@hexun.com,310-554-1470
Yul,,Minelli,yminelli1u@addthis.com,611-534-6354
Andeee,,Prose,aprose1v@naver.com,510-147-7114
Merci,Pixton,Steane,msteane1w@home.pl,758-959-4919
Gilles,Harsum,Eichmann,geichmann1x@xinhuanet.com,399-310-8430
Gabey,,Dripp,gdripp1y@comcast.net,200-979-5559
Gusty,,Longlands,glonglands1z@ft.com,656-657-4044
Winthrop,Masters,Dolton,wdolton20@indiegogo.com,956-135-7086
Arin,Walne,Utridge,autridge21@nih.gov,167-995-4036
Urbain,Dufer,Harley,uharley22@trellian.com,678-970-5474
Analiese,,Izakovitz,aizakovitz23@jugem.jp,679-479-4819
Gennie,Durdy,Hinkley,ghinkley24@pbs.org,249-367-6781
Constantia,Gateland,Curman,ccurman25@weibo.com,551-190-3519
Eugenie,Mitchener,Abram,eabram26@census.gov,810-819-1094
Miles,,Dovidian,mdovidian27@canalblog.com,750-714-9253
Raddy,Giacopazzi,Oakenfall,roakenfall28@squarespace.com,756-838-4624
Biron,Georgot,Jillins,bjillins29@globo.com,411-127-5439
Misty,Collingdon,Smails,msmails2a@dedecms.com,748-613-6162
Harp,Ceschi,Simonnin,hsimonnin2b@sciencedirect.com,220-487-0082
Clarance,Easthope,Iddons,ciddons2c@feedburner.com,838-321-1393
Bogart,,Ballard,bballard2d@cnn.com,147-664-4501
Sheila-kathryn,Cutteridge,Rentcome,srentcome2e@goo.ne.jp,430-570-6364
Elysee,Janiszewski,Cuckson,ecuckson2f@ycombinator.com,898-781-8213
Pollyanna,,Klimowicz,pklimowicz2g@mozilla.com,259-671-9298
Raquela,,Murtimer,rmurtimer2h@dagondesign.com,382-550-1346
Nona,,Wardhough,nwardhough2i@123-reg.co.uk,463-314-2400
Way,Allicock,Axup,waxup2j@php.net,297-122-1250
Lina,Gripton,Dodridge,ldodridge2k@howstuffworks.com,282-323-0250
Rees,Baudesson,Brantl,rbrantl2l@europa.eu,949-248-8096
Jeralee,McClory,Rings,jrings2m@exblog.jp,988-855-3004
Leena,,Axtonne,laxtonne2n@free.fr,654-636-1632
Dorise,Blamires,Pressman,dpressman2o@washington.edu,473-527-5919
Alec,,Peperell,apeperell2p@wikimedia.org,294-435-9462
Brooks,Dewes,Bodleigh,bbodleigh2q@hp.com,508-970-0056
Cesaro,,Hoodspeth,choodspeth2r@ustream.tv,143-497-5068
