employed_id,name,middle_name,last_name,email,phone
FRXP387099,Erek,,Kisbee,ekisbee0@feedburner.com,802-806-0222
MGDT400773,Joanna,,Silkstone,jsilkstone1@bluehost.com,449-549-9665
LTPO061179,Omero,Tudge,Gildroy,ogildroy2@ox.ac.uk,109-305-3960
BFQU853003,Kermy,,Siegertsz,ksiegertsz3@behance.net,396-729-6644
RSTU743974,Johnny,,MacAlinden,jmacalinden4@ihg.com,809-237-1151
YSMV845229,Jeremie,Burnsall,Izkovicz,jizkovicz5@booking.com,881-108-2666
XINS549500,Joel,Minster,Colombier,jcolombier6@hugedomains.com,385-939-4443
DLIY136309,Eveleen,,McGookin,emcgookin7@bloglovin.com,860-613-8668
CZJV148164,Wit,Hofton,Jorgesen,wjorgesen8@mapquest.com,467-808-8017
ESUG966689,Karel,Michele,Helstrip,khelstrip9@slashdot.org,616-751-2342
PUEO731011,Lorianne,,Medlen,lmedlena@washingtonpost.com,492-329-8915
GPTU466744,Marcus,,Hussy,mhussyb@gravatar.com,602-810-3565
ERIM621117,Vinni,Boniface,Vibert,vvibertc@google.ru,879-692-2208
VINC726346,Heindrick,,Killough,hkilloughd@g.co,190-197-0399
AXBC539585,Jonathon,,Ruegg,jruegge@nature.com,265-996-7741
TIWH098478,Abeu,Laverty,Kilpin,akilpinf@yahoo.co.jp,242-798-1529
IGNY185303,Horatia,Gostridge,Greenier,hgreenierg@gmpg.org,897-161-6315
EOBT052490,Amie,,Beacham,abeachamh@bbc.co.uk,260-119-2671
NEAD717136,Kelley,,Dobeson,kdobesoni@psu.edu,581-118-7584
FSQD402026,Mignon,Astman,Boddington,mboddingtonj@theglobeandmail.com,489-130-2551
OFHV259207,Sara,,Double,sdoublek@si.edu,894-964-4548
NODZ317306,Judas,,Bell,jbelll@businesswire.com,415-816-7390
IQYX915252,Lina,,Twyning,ltwyningm@phoca.cz,444-479-2564
TAJH386020,Skylar,Mathewes,Flello,sflellon@comcast.net,920-707-0548
FBRC582219,Moshe,,Lempel,mlempelo@icio.us,216-660-6617
WBTA051757,Courtnay,,Johnston,cjohnstonp@cpanel.net,947-777-2490
KMWH124992,Min,,Chilcott,mchilcottq@mlb.com,236-347-0329
HSUO699440,Nicoline,Beardsley,Lindstedt,nlindstedtr@gov.uk,661-878-9892
LHIX305380,Anthe,,Heed,aheeds@marriott.com,688-395-4826
TVFS109215,Lauree,Hendrix,Flexman,lflexmant@acquirethisname.com,940-998-2604
YVEO425680,Leonie,,MacPake,lmacpakeu@yale.edu,814-174-4321
YBXH212427,Kienan,,Reitenbach,kreitenbachv@pbs.org,141-732-9124
JRWT914067,Junie,,Woodington,jwoodingtonw@mayoclinic.com,559-142-2479
GBFY409552,Holly,Willars,Willeman,hwillemanx@cpanel.net,843-637-7562
FRPT720777,Regan,,Corley,rcorleyy@google.nl,691-796-5782
IDJW972968,Charlean,,Camellini,ccamelliniz@usda.gov,232-667-5213
KBYU024367,Rena,Maddrah,Fullerd,rfullerd10@answers.com,512-939-1053
UTWC521413,Albertina,,Piccop,apiccop11@mayoclinic.com,561-400-3279
EKIF083878,Rozina,,Brumfitt,rbrumfitt12@printfriendly.com,472-147-2117
JPEG826680,Dora,True,Quaif,dquaif13@slideshare.net,274-329-6342
WDFG293363,Nanny,Feasby,Ivashov,nivashov14@omniture.com,308-883-4294
MNIH891216,Demetri,Dymott,Mustoe,dmustoe15@dell.com,784-374-2799
YVCP122530,Ilyse,,Lambden,ilambden16@census.gov,876-886-1094
SPCL607329,Foster,,Jime,fjime17@goo.ne.jp,976-786-8489
GBQR830783,Rodrique,Jillins,Hussey,rhussey18@adobe.com,422-106-7708
ATEO257027,Hillyer,Gallant,Whiting,hwhiting19@amazon.co.jp,561-724-5286
IMHO483492,Raimund,Coleford,Fowls,rfowls1a@dagondesign.com,280-161-4940
ABPF699740,Derrek,,Kick,dkick1b@oakley.com,769-881-5563
MBIY453561,Dal,,Rizzotto,drizzotto1c@artisteer.com,900-820-5586
NEAQ625026,Abagael,Oldmeadow,Ettles,aettles1d@patch.com,754-261-1911
IBQC274743,Galina,,Kincade,gkincade1e@mtv.com,138-789-6841
KTOS428696,Rafferty,Piggott,Radmore,rradmore1f@theatlantic.com,431-744-1708
TOJP233693,Selby,,Pawlicki,spawlicki1g@nifty.com,100-489-1509
JDVH215048,Cordell,Jedrzaszkiewicz,Beer,cbeer1h@nationalgeographic.com,298-577-6189
BZDA194090,Rodge,Featherby,Peteri,rpeteri1i@about.me,122-908-3702
TDCP289674,Marty,Goddard,Urwen,murwen1j@theglobeandmail.com,409-620-0762
HLXP528741,Nelly,,Casterot,ncasterot1k@trellian.com,448-611-1810
ZEKS223243,Ced,Cortin,Cheine,ccheine1l@rakuten.co.jp,315-391-1662
ISGL052742,Ashla,,Shillaker,ashillaker1m@storify.com,831-408-7565
FIJH111216,Nealon,,Paszek,npaszek1n@wordpress.com,617-560-6028
NXPF613159,Hayward,Tebbs,Stanmer,hstanmer1o@comsenz.com,418-135-6460
RJIH989989,Stormie,,Elfes,selfes1p@ycombinator.com,951-427-3836
XEJA464120,West,,Ruttgers,wruttgers1q@comcast.net,144-589-0623
GSDA634917,Ambrose,,Gilogly,agilogly1r@craigslist.org,590-339-0690
VMCH464453,Berni,Milmore,Alessandretti,balessandretti1s@vistaprint.com,315-321-4508
PEZG058666,Janeczka,McFaell,Barnfather,jbarnfather1t@toplist.cz,106-672-7179
DPCB874203,Renelle,,Amberger,ramberger1u@amazon.co.jp,719-293-4789
HTZO465469,Brion,,Karpychev,bkarpychev1v@google.ca,799-980-7533
EUBT910632,Ingra,Wyley,Ciubutaro,iciubutaro1w@amazon.de,648-554-6486
HTLW880428,Aubree,,Draisey,adraisey1x@noaa.gov,203-775-4204
IVTC427159,Kenny,Haylock,Harce,kharce1y@chron.com,626-303-6252
DBNO026255,Joeann,Notti,Heifer,jheifer1z@spotify.com,996-671-4247
YEVC362598,Kit,,Botley,kbotley20@behance.net,780-964-3416
BLDC627355,Herbert,,Gronaver,hgronaver21@thetimes.co.uk,223-984-2459
OUNS103075,Venus,,Gwinnett,vgwinnett22@dion.ne.jp,450-952-9496
OEBH013663,Arley,,Stride,astride23@imdb.com,719-688-1994
EMZB312581,Wendeline,Brennan,Fominov,wfominov24@gmpg.org,758-624-4867
RTVO360543,Millisent,,Coldrick,mcoldrick25@cbsnews.com,750-618-0933
RLCO440317,Axe,,Dawtre,adawtre26@bbb.org,899-914-3028
IHZB958257,Fidelia,Mangam,Outridge,foutridge27@latimes.com,879-681-2033
FTLA625348,Idette,Chitson,Cramphorn,icramphorn28@yale.edu,922-858-6010
SEIA315049,Rob,,Abrahamsohn,rabrahamsohn29@cargocollective.com,117-381-5926
UPYS995432,Rianon,,Gerren,rgerren2a@naver.com,130-883-0765
LOTQ163218,Pip,Corneck,Tomkys,ptomkys2b@ask.com,127-862-0073
AGYV034755,Diane-marie,Chopping,Farnhill,dfarnhill2c@friendfeed.com,953-689-2406
CFUE320584,Janetta,,Claye,jclaye2d@blinklist.com,347-308-5057
IRPD245447,Marwin,,Polsin,mpolsin2e@t.co,391-530-0285
XRNB939329,Christian,Fergyson,Linsey,clinsey2f@gov.uk,471-716-1875
DCEV187395,Janeta,Roxburch,Rengger,jrengger2g@bloglines.com,796-804-9401
GLVI013806,Henryetta,Chalder,Maffiotti,hmaffiotti2h@e-recht24.de,182-721-1972
XEFD853518,Judy,Legerton,MacDermid,jmacdermid2i@instagram.com,683-732-6054
QJTL978199,Benedicta,Camolli,Erni,berni2j@over-blog.com,667-584-1880
HUAS872725,Wolfgang,Theodore,Bucktharp,wbucktharp2k@businesswire.com,241-891-4462
LOSE855714,Barbaraanne,Gillcrist,Myatt,bmyatt2l@blogs.com,746-652-5439
KHLP686501,Olwen,,Winfield,owinfield2m@nationalgeographic.com,176-437-8524
NOHT463186,Orville,,Northover,onorthover2n@ameblo.jp,389-268-8232
SECP828819,Ed,Denman,Chastel,echastel2o@so-net.ne.jp,214-801-8182
HWXJ156214,Wilt,Torrans,Gomme,wgomme2p@squidoo.com,911-734-5773
LHNC771542,Freida,Fullard,Bellew,fbellew2q@umn.edu,141-776-6555
QZTM966915,Penni,Allbon,MacKean,pmackean2r@eventbrite.com,200-330-1157
